file_id,class_id
4997220411986212924,7
7046237053375296553,7
2431418544220272004,7
7858244689984202452,7
4358138176421949790,8
355781916575097525,7
9212125503894800975,3
5588787157443159486,7
5820343629091229741,7
4260959261974021066,7
5960677083955355218,4
311891684201164224,6
933841954986027590,1
1486762946739897544,2
7702069032337145432,7
5657940452235018508,7
3938893253929861723,7
5828816628879484376,7
2269261535648193817,7
8057412039700356132,7
4972842680676514871,7
9095898307560207178,4
4037823187130696682,7
7528121236514138102,7
3037173700538483857,7
5140735086670337867,3
59229167632740072,5
5480225082627650711,3
5535706572505338341,7
3828570479819523528,6
6081092461064658924,7
4043447858783919819,6
6114699252347860200,2
2121903436844284131,2
4055673800588868038,2
680312830197507790,7
1222936624838330838,7
9103430301250511177,7
4527558464594398847,7
3998243218516559366,6
5262474571851899861,2
1502406993086553037,4
7696358325819674559,8
8111668106975987543,5
289690159887834319,5
9150737164805864309,1
5909361577630138866,7
8197522837918182704,7
7251023913724359079,7
7114092108419570470,4
4930573039473331978,2
7044881811294722654,6
1456730139547316612,7
1287790596375366159,3
2467787296812820071,7
6597627596339440430,7
4624514499066189339,7
6405565373557896216,7
7877891534198343318,7
8574515976281362244,3
4318360654543709996,6
8388295950884612531,5
7175104348321751249,4
4746219893882577803,1
7977929436531858081,7
4431810319568544152,7
3653577234639806532,5
4817989462264134176,9
3363530447860924382,7
6209278604410396115,7
3945559197267008751,2
9186026528754674106,3
4980505488085971158,1
4215825500532363853,7
312423959787285746,3
4752401413735983314,4
4280750662399008000,7
215483522886200461,2
4086132042502338637,6
5797241152022085710,3
6503182015774870036,7
2722138353482131092,7
5181728168373550576,1
767710897270462265,5
5740319585634240139,2
6280725397498373134,3
949028920512226697,5
8121174542805843752,1
7897975832486160900,7
5342159294773164981,2
1196412091101379628,7
4794659995518227526,7
1799867268986347522,7
8362560714639516555,7
4045786694505602107,6
5823335799463799982,7
6167962504738341555,4
1269560971370974473,7
4267122559200763181,7
596432631527657100,7
4645737298881094100,7
2654273368172609634,2
1497908267830063770,7
3778733346945163515,2
2798926571031501571,7
830143739390583270,1
4734525342283993839,7
1801890611836276358,6
6742147435906345683,7
9038190651637170334,7
7620894567991309397,5
6238113412518083978,7
8790972254761600279,7
8391062544896620748,7
8474934990289860447,7
2966749003172285613,7
3374818888410787847,4
3914864884721336384,1
527674542990171986,2
4139686543425791303,7
3223591140672485063,7
6399343849279763367,0
4821116681447601265,7
7432196520577637079,2
4165324681071033110,1
1958195661044353632,2
1229719892972038886,7
6733713980530241977,7
8105922996646162805,7
4017909665133722468,7
5524320904485475098,1
5660938894881752164,1
4698760527776031948,7
3670613855500021307,7
3120773766916022772,7
1544525234996278533,7
4791450388841909287,5
3807823770073894726,7
41415232672499448,5
1215655650051166989,7
6730716635870660410,7
2929277801769453882,6
925036601774848137,7
3183501479261569933,7
5318390395191794785,7
9080801575757009905,4
5652328847766034815,7
1434646071614712077,2
6715202898916799487,3
4312460202652257004,7
7963243395686257744,5
4943657279227082584,7
3549028239665166951,2
1646589482328813466,7
3518418726314571213,3
966912809420166184,7
7865612942023331738,4
5167121100222174229,7
3984650965595775226,7
5653263136139669690,7
2483096191106468958,1
5952254305779709312,7
8597561570340149781,1
8236038278562946646,5
7790693148875152921,7
6866346848685144952,7
4544672713857549662,2
1453284704625049738,7
4024016446133724248,7
214714872089513082,3
935802825114996243,7
1480495761510013642,9
5887169321393121617,7
8043117455978304145,7
4166344035243251055,7
2911578366083436608,5
5143751810507784694,7
1613254705757156648,9
2863289177686352960,7
50929335228940818,4
94607577742956270,7
7766177073465627745,7
5333441722598119219,7
5912148869394974968,5
3961053148054633255,5
4879363134774814856,6
3177194419264055363,7
8339241322037858435,6
2308393586789497924,7
755704823003129161,7
2024979655435704479,7
2138834125786172931,7
1397099820226144876,4
867776755939726880,7
8118279203758312672,3
3340847948132011963,5
6606684203933186447,6
3281923349927821299,7
478719506669021985,2
8022857935499635639,3
4640311123998629111,3
3672629935623490,7
3772131052973013935,7
4407027380494312494,1
2287459770215187601,7
7217042875004286738,4
2236178309485960331,7
8884985949922778949,7
5654476833387659937,7
2852495914357638197,3
3312146951657234862,7
4084280496328991943,1
2281048939174343927,7
2824114538871799998,7
967002617333556573,7
772964561857251959,9
4378524968527130165,7
5227612330760721408,9
5695449517160050998,4
4668977548363667966,7
7424176960432930183,7
3844391559994101068,2
2289172810059444525,4
253457240618498904,7
5545556922516948463,7
802452833355357974,1
400339568876407160,6
3755196581588814781,5
6441474015821862003,7
4357930886166607549,9
4767752862945589562,7
7798430530690242163,8
8531327105042915784,6
6336585869574309258,7
8877017408939828319,3
5372562276999523609,3
7189366731167136350,7
8112111565808205830,7
9110944110028611045,4
7447283918704997863,7
201120007836842287,2
8423508743878398664,7
4063307871658286554,7
6801697941030767031,7
1491394574753493615,7
8334706181841716987,7
5590618153001733973,5
1287236042175109465,7
8312997159746073026,7
5913418139718605479,4
8708628494031633416,7
6858309520972984817,2
5965137566051459544,2
8479596295082160589,1
7855316650801576248,7
5280617898424853094,3
1798581736124650223,9
6741357245468046774,2
7653521614091104059,7
6325118960373520222,2
2232119475967185350,7
7889474628010695034,7
4785986240381075601,3
3304011206583578092,6
2238271847642946352,9
657629402804469325,7
6764641992176803059,6
549330539754175963,7
7239916724109921004,7
9206418869226153550,5
5555407643791467409,4
9204372647124595751,7
5522870370027145165,7
2867465540526631347,7
6434032153762862700,4
2914841758300212279,4
7459616515222397252,7
6199126218501472935,7
8646390306373103036,7
4312838706809273180,4
6251020342474509594,2
862777561584906645,7
4179032911232541874,6
7848546846537100831,5
387198584604384081,7
8582055143901096979,7
6332503827253444510,7
616719238262751940,5
1231022113074336945,3
7785846391447547855,7
4594060664935482548,4
3167408485887943093,7
7479957984418081995,5
484082069169849256,6
3704313489173309541,7
6245816968741299944,2
8771025938944244813,5
8167993594552802376,7
6538014639985657406,7
2262870523872659316,7
1440334028672157887,1
1410559939553179934,4
9019521279518399588,7
4528813465942317707,3
6825359595019642200,1
1505048451125908089,7
3217439388667885504,1
3327157288868955014,7
5545446953518251299,3
2535956698255959123,7
7738865588023800625,5
4757333096198897705,7
4803411394988675135,7
6108299910752230339,7
6777445087741311687,7
2835519882231524080,1
2504027603390586480,7
606341853804852832,6
3350081766555162154,1
948769882080799820,2
3628262402633224432,4
3710733624156976165,7
7046191744299987259,6
4574222491689804541,4
2530943667776883261,7
4891604461245356075,7
3378030477511916985,9
3185962205971082257,7
4629167145966599961,7
7241741128347500922,7
9073998886959590352,7
6299309641877399727,3
7971494195986889467,1
8475889583200239785,2
1667676352271286553,7
1595800888222816644,7
8584966612743542572,7
2936932430627550002,7
8074218953401125242,6
1330097726689593977,5
5902088342659484512,5
4328507314224984163,4
1991105245204996063,7
4773531245421234714,7
7356359663147346248,7
1310479037705883187,7
8843293592874044997,7
6746710614848070200,2
6593098507595401076,7
8868929062660949898,7
3146031872979118847,3
1419199879996826922,5
6194611649443381168,7
1345646909805925825,7
178964354644089080,7
7495580511193492678,7
7757549434706810930,7
3296790844946467206,7
1359884081826344981,5
8973031516445763667,7
3997883710255158522,5
8606994955068240937,4
6272194101849184202,4
5268983030593107312,6
5179806692985551714,1
4506588893006879129,4
2330933612768896929,2
3054465843822524099,7
7283833465684555922,6
7892161877987527704,2
4538363511934985496,1
6609703936196887589,5
4495868320826961342,7
4470054007213155521,4
584256479663254883,7
574900599017533282,4
6276814739188609788,7
1266224068752121144,7
8378225734130647946,7
2095902092392419701,7
8563274452855676147,7
4201811551490398575,7
8592300289479933138,7
8712793705724596888,1
3385273882640140538,2
4659966377341069104,2
8342666580766927803,5
2540299626857952935,7
3735212336930987810,1
6504804964113964255,7
8980484369203371852,6
4908662867925614263,4
5475360568538378243,5
7495344528987781455,5
1805608639009394161,3
661530208001287566,3
2432496896273706843,7
7769698320995023996,2
5569781847796164071,7
1861438420737868452,5
7549779213447539601,7
3817525047497694591,7
3327868995240122537,7
4044946595402348138,7
2530401982410711108,3
4012864785256422548,9
530266646962823562,2
1621127776209438254,7
3846977853277619067,9
5030631536727735930,6
7259143085188055192,5
5280624368049331614,7
8346110486593546698,7
7178227358778993091,4
61910276953846980,7
3692713207855609594,7
5325938560676329116,1
4293852068124417455,2
83444805869444351,3
2553231401691234382,7
2695212828639993772,7
8598695817772017413,9
796234729382502781,4
2414937327993185744,7
259844023177911892,6
2279079880825629348,8
8462447134590241855,7
4020084696618999304,3
7201966672238479481,4
4916667024165296468,4
5957563818129312049,1
6797939179063877318,2
1515188189322866217,3
9105371159231067760,7
6587500978343584472,7
3278645942397962762,2
3871239290569902449,1
9169825253405383278,7
6872811838672269980,7
5357149106199208929,7
7022918569053989012,7
8788858715846463514,2
8384917915761514048,2
7805110692902634778,1
6467115258960833915,7
6737056644954108976,9
5105341053630075179,7
551616924940188460,7
3614542124921478587,2
8210348918760582280,7
6509965142773175530,7
5183945492458812804,1
1797518133778539845,5
1617487865623470820,4
3041556221013301812,8
8306391011704997738,2
3303882029788577882,7
239306928901062993,7
3432258719549764523,6
5832863146978199936,5
7468872889793413288,7
5866111174302004476,7
4841518462192161874,1
6981994463940577968,2
1602487431182438448,2
5594763956201856810,8
3455489061892302538,7
4359322652341674455,3
6592203724494947232,7
4952771684065403951,1
7682973521071382875,7
6454161773115521120,7
4396038758869001863,7
3777067809138382219,4
2211498902253109133,1
563491014689869666,5
7593393915716908946,2
7561208762878116785,7
3489263403679402862,7
4923154087143755459,4
2025764449464247954,7
6320109970612708344,1
7150127761584859618,7
5374216888658978320,7
568343966470775975,4
2186054689478867674,4
9202701121287371886,1
2740400425654213414,6
6766452641527092678,7
1847370827941966031,4
8272572668894220638,7
7688975924866321727,2
1842893612071478480,7
6380017648111358238,7
2391436091127267902,5
3225293132174923725,7
1277611040374918617,7
8898113034939586834,4
7543519238761025925,7
4220103329452162738,6
8313806170316380272,4
6688995448623942249,1
7140718609914495027,4
1422623185797076641,7
1927609305159661715,7
2211642384281144228,5
7521299826127806947,8
8310078668545851871,7
7036604020201753804,7
1986023538593682344,3
5675115858613074928,1
490156935628277421,7
3138913515978827258,1
8850510161288041788,2
2424465916604809615,7
2534567233334490555,7
4979640850460764360,4
3378937797783644842,5
85181771055713951,7
5153307926067149051,7
8403755113156508722,7
3193728983077773324,4
1639686104780356970,7
4141862482703235303,4
7545184630295591453,3
1608680304236230778,7
1616087373001257564,7
4320184676440350337,6
875682364402368430,7
7340621980992074480,7
6012014930892272669,5
1947264997865863589,1
420408950067584603,7
8341974761791224722,7
4774832723359993701,1
7480324709296007184,7
8675186330793483956,1
3576269476600640240,7
8403928032136775158,1
2217934873438525179,5
923612031874408967,7
2654680562500376246,9
5592247331359094244,1
8865824578798030123,7
6242291173133953950,5
3772562522768889640,3
2850850852877104682,7
8939330217762790925,5
9084584002086328141,2
186378309864736146,7
8231911157322641385,5
3969187042056886080,3
872478998308845130,7
7049159772394231216,8
2488026097167650433,7
4622844089596342020,7
9133290300967450626,4
2171510003973832955,7
5342266360292373312,2
3423341152393633802,6
8360075848026148942,7
7812523841073958795,7
2092565843602260115,3
5574009163326295890,2
5483567689755200235,7
7853395339572941373,3
3353907318551125715,7
7892191540399522310,5
7724942400688127929,3
1258056107572450341,5
7660211261032316169,7
3583859122155705089,4
7603659142992127464,7
7141141697221009468,5
4856182205134147343,2
379535300591932839,3
1449353467289361591,7
4179248283824940693,7
7221302947895205927,6
8460499045352864346,7
126679312599543983,3
5756326221665857909,1
152519311209621034,7
5883359258916298394,7
1882170282763629469,4
8830889363398665161,6
8919016985770342340,1
8997979830683491462,4
938290793458495545,2
7034509686796340406,3
116989172051152681,7
3558888781211123831,7
6378169636635854722,5
8144901367574237308,2
8144255285505865393,4
934272510234146376,5
4125734843524444702,6
8646821399308065364,7
7737845744679270238,7
6695668358044917140,2
516462071481765855,3
6154265188785923672,4
8542060032216028219,1
4485995633537993004,7
5275399312447682521,7
2482306700247990373,8
8538814984620705975,3
5876307186629073782,1
1865548050006346703,3
301479545088858426,7
2887106058154141638,7
575863642778632594,5
6709968870549092842,7
1346114458410521917,7
3313210592158742068,6
5298668172369625238,2
7378187263560426040,7
2164699044852631369,7
4290553252492618784,3
7910567776513096910,7
1716882101615976513,7
7599693695606416204,7
3067852996488272362,7
7754269548307873980,7
7936930803529328818,7
6487082620971373868,4
7415822454306158413,6
3527474593853602203,7
4629498948514273763,7
594982805058004914,3
7408845344671664105,2
7255949772881620885,2
8320042219365101315,6
5899838194555943549,7
4730349685658991930,2
3987934666649941946,7
7290878069655970393,7
1813753107257184358,7
3207387619251672193,2
2769507394009837714,7
626352413466039220,7
6532537849177073810,7
3333238575791459792,2
2297393259641712218,5
3762092770264423123,7
4762954185865541235,7
408841751250141574,7
6226123615156526488,7
635339488158445136,7
6425345758120724203,4
6060961774439771795,7
8288785465568867545,7
8824804087638534327,4
4517894323626608293,2
747710614963226486,7
323924156807904800,6
7319268187253732216,4
6646814413334896165,3
5810886253723522694,3
8460654712446790774,4
3010113381025936609,5
8786476178102116190,3
2877857756295072189,4
4170220836692642341,7
3151667254274520557,5
8877760995968854135,2
4508723877816781472,2
6785731162711690340,2
899873753982408546,7
563893442444954348,7
7734472407499508884,7
4508619187717206196,7
3287687070688176050,5
6977572398606084814,7
9002673574886282186,7
760264417323605551,7
1041370303636665148,7
988871671963469234,5
5397016595632742024,7
2031605891233234782,1
2596320125770719426,7
1682498570279213397,7
1930763505773262034,7
8285019177959546998,6
2524055382970201887,2
468546047323997305,5
6131020200598171916,7
8766767780191065000,7
3329833577546335925,7
392869762377850451,1
5835273257201738029,7
8501931309067989276,7
8743161376032387438,3
7063746849799794412,1
4713569879734194773,2
7115928578402348491,7
3780388496643445715,4
6018890129900315980,7
1051582512548708492,6
583828939304095952,5
8456713755553329191,1
1236533226381020525,3
6948177271138562225,4
6207673328320116339,1
373603386768266897,7
3282225462849608214,7
1568507756804737359,7
4965688047648096003,4
6708584323726007691,1
8501703209502544895,7
3804243854289338701,6
3733615581249740545,4
4798696401870581973,7
1196014475524312629,5
7610326166778262581,7
630365515061813091,7
1345949686844823582,6
711144885047220083,7
5866935457597604454,3
8315852431493223546,3
8264914664036873537,7
996240327674818910,5
6625887522835111142,6
6915688927069477428,0
6440098671354369770,7
5065946788752290017,4
1005290758554877158,4
5578408801917069631,7
2986275456262545021,1
5007277035175666122,6
8706341662671926099,7
4861697854242320028,4
8937611517407925803,6
5275369812258379180,7
7890221877732851933,1
7421799032474244687,5
8455985858638392265,1
5280253731954906181,7
3584186350113102681,7
3978201526184321950,7
7633554711884836474,7
4754432768040982058,5
5600794641987391411,4
8261057144199344416,2
305454644966788060,3
4984467091799519752,7
1945143984961269841,7
3755877406554266285,5
8214350352887166201,7
9060166400763127037,9
3071471675973613222,1
8474896262385238156,1
7836384460708673901,7
1103097839383113776,1
5848084085671663261,7
3934323779328087879,7
61950652121471199,7
6956523944320101464,4
5411841949313428433,7
8423051040837126495,8
5960066518841579870,7
7496575877152629422,2
3854958561552120861,1
251004088424411893,2
7730860576144376793,7
8998976871193223994,1
6305890419429413315,5
6537890400655992757,5
7827277960199239973,2
5819630198144518421,1
3139182141680727766,4
8610790081929334218,3
8146635245459814078,3
8854195366578407462,2
3674191307233180069,7
6986933741673905928,4
1772491275517854554,7
4395519548706646734,1
8666370088187980328,1
7378223288173089616,7
1907177100870736808,7
4609303229006793334,7
9015940994523801625,7
6695099882577959034,7
30886061137375217,6
4868019045986407335,3
8490180775797543558,7
6750608582346846733,4
4932959111173833872,4
4877351988394242733,7
2145380618154269024,7
8943803869157945773,7
623386614950608013,6
5675564162340344959,7
8518332236174265482,5
4313083690138869339,7
8468940438024235845,7
5527183831274817402,7
4072505307540524014,7
4180765736177541278,7
5151813107671745276,4
3691009462387486163,7
7891101650156261076,5
3681122360445980845,1
3425261906513991890,7
7207742820673840260,7
206100321810188045,1
1538694861685491671,2
4243442930318273563,7
5306574075714327012,7
5757185571035339945,1
5411704285687666379,7
8435322350463128855,4
9122735421740301509,7
1464741688790161221,7
8334172268798058817,9
568469546696796225,7
3497204259321804238,7
4330786893112014411,7
7973024433561338121,7
4064235492355670903,7
3976043495807494678,7
938140320416611422,9
5913645050040269294,7
3213458529534211792,7
2056240547186368251,1
1883063708826263517,7
2841046544320840625,6
173418222452179181,7
1408811791955989459,4
343657394431557199,7
6915032943313562509,7
8007654089756684939,7
5494343826536001533,1
3833599837376113204,6
8238157856372657316,7
2845834475867421268,4
5987039504312064846,1
4669577014122704805,7
5442943280389695316,7
8560191254095141560,7
1919050152821156917,7
5721098307222271152,7
2806728351417664792,7
84436229545544592,7
2249522934284078891,4
5216486950853396480,7
6953486647038820122,7
6803906708428004984,6
3000651334724236216,7
697280078448541669,3
4882934314199475605,7
8034530106564138547,2
4950648679777012252,7
4483653545101880539,7
2584965322966568346,7
4360001026732159854,7
1967025046602133896,7
4641035127813570329,7
8669392250158049481,7
8235181297775307921,5
7556374827552976239,7
7149937824310654799,4
6196783859170657600,7
828565629836948877,7
1033144136432980407,3
203454031437141602,3
1631900755941830455,7
2407030871815414368,1
1934416423707083528,2
7812682242235848807,5
2194864900955632139,7
613116348453980432,7
5754216367893228668,7
5897777257454769196,7
1649017684157353496,1
2737479953939813749,7
3833295949249147127,7
7432755212212696579,7
1601133966791352034,7
9150531634142281093,3
3355627874112675960,7
1259637743898793445,1
8573843473548172184,9
6861073439600259440,7
20809848588088354,7
5361363223316584500,7
1889434431374137312,7
2989737995708341570,7
5701592038224781723,7
4230142802931325022,4
925733821657314736,7
1045102023242703108,5
1840810082493459806,5
1243325277926263008,8
8452995923968206323,6
4257591933248975051,7
7950329302978666075,2
5130380800318291661,3
5265478686692819620,3
659971869187765548,3
4087075586133605418,7
8392513119054191600,7
6885447291159670997,7
3266874028922229922,3
4955359973649548690,4
6152994460139286544,5
6803770291597182660,6
3584501283249175081,7
1744157677647618978,7
7744947035184230336,4
4780890893926156479,7
3195205248578341317,4
963595796682963392,0
351061098495792586,6
5366275497610063514,2
8087870533529741482,4
3317801691422560210,7
8474258647849406434,7
5101709450934745022,7
7160988753798457552,9
8539995506982588132,7
592136430219628337,7
7203122044706436028,7
582156061349405117,1
5478882655190998370,7
9197169398273975508,7
6549989209796494035,4
5191448272044881247,7
4683063373848095074,2
2199204517671627485,7
5236572334141134737,7
1967976976326243520,7
8330245731290931436,7
1602201635295679418,7
7801648262960246233,3
216964320782307053,7
2768349920522859584,7
7072529409425864663,7
2296135227772332449,3
2624218539891525510,7
91669588230195875,2
9035525302023892401,7
4654419747627579449,2
6049987523516220580,8
3189851708850575973,7
5589093723041599271,4
4813872702960568900,7
7859061722852881236,2
7690243650937427822,7
5187063828465303110,1
9030153466519242662,5
7476303222191347355,2
3157816503554731485,7
4230714901957846121,7
6495534970906826427,1
4907981654682070957,1
8045990633215057851,7
2429313367112116877,4
4319781446688049767,3
3298009519116196081,7
6305616603636877469,2
7210238454769187192,7
377717601229870250,2
4184475452011117335,7
2427574577450813629,7
2277937962259506838,2
8439153326276192205,6
498070020901109702,7
5241193636828699078,8
9009981817350364181,4
3286881329021439748,1
8956713808723651949,7
685052294264222117,3
5222068167203174851,7
7007465110720020863,7
8261964586873680815,7
3145113560428155365,5
6360504084206893483,2
8825684382076624528,7
832225390680935929,6
1930106176230015880,7
1773910858251492031,7
4168084914094270094,3
2503500652973324291,1
6691763961434662255,7
2871882930449484752,7
4996569591074706832,3
5923232322566488058,5
1555847112605034167,5
3920928487427025789,3
6865806822650548361,7
9029079863847229701,1
8723050484304382150,4
7444245597653510240,7
9174308819762212630,3
8483794930585155564,7
4115797809340185332,7
5536274393454270591,2
4009526125093704354,8
2595675363209663992,3
778288629837709409,7
1330107469494866315,7
891296605196300170,1
998132755481611937,5
6057933796276227064,7
1798143128009473391,7
613334249720945558,7
2217751551820900686,7
7765597294939441964,7
2963179621424558841,7
36652710934751741,0
1177491106210016222,7
7003506942186588451,7
1124708025956643325,7
8559177086694531050,6
733337049813749764,7
6516425900608975659,7
932404570871431385,7
7318518540045205443,7
650869880612505027,7
3091505643546061912,0
294263067026683293,7
1530101866062496720,1
5071201482703580973,7
4985478204543107050,2
5519924008489810483,7
86212711000842951,7
3159247338042989109,3
3588678632425498542,3
3304194201138403935,7
66851037563935266,7
3762331010404557930,5
8788616802367379448,7
4830815065042415717,7
1049820649853515207,7
2525333278633316055,7
7940578519822336026,1
8998678961504925731,2
7429109711100243246,7
162253835912502856,6
9031517382196635159,7
7962563012279545273,7
1935022304820592025,1
1448931618498867316,1
326810250798220840,7
1281419533207312044,7
1174966101768018859,7
7207768679289558839,7
987397638837314823,7
6591830893391031588,7
5929872892639965176,7
993359120948382622,7
6962649073756464611,7
1675620914208721269,4
3540843953578921163,7
5796717981782132425,4
4215346071325461107,2
6966633696488862308,7
2658362098379232811,7
2214353871086150739,3
2822504021100854968,7
5468907662759398431,7
1587560894883296500,1
6268453694678771356,5
1669281814844461575,7
4113176416884527991,9
5356047800223134321,3
2713314168938101030,2
7687576268245849195,7
7830838745334269342,3
8035848621483230195,7
3772444617024562294,7
6143120780753998130,7
8616094737600134672,7
5312326514610748330,7
22109792965541471,7
8044918241252567525,7
3528524114846539384,4
1829383603778972469,4
6495971812681947742,6
1663221826941957539,5
3942017809441368068,9
809842856074259736,1
3822485245592808243,5
1883393976915458310,0
1124191763036381732,7
4970141871729871453,2
8106534483636901108,7
384924328107233159,7
2167446074039398806,7
918651473105552990,2
3218420412756654813,7
4403364893741638196,7
2081126450125085146,7
4383480069600743050,7
1189711167467121384,5
425538470917412257,6
8593471127977661978,1
2282521568084579589,5
634884758079224778,1
1243715200982514709,7
7867051624534424731,2
8408337484312573615,2
4591336152733310579,2
6634464117198490054,5
1546943427986515132,3
2723433497135279128,2
3740022928570943583,2
4819669417138768128,3
8834551016107754454,1
6203271250299014776,4
4211095306139131486,7
8682820455446347087,7
6895036638182858884,7
297760375714212001,7
4527424264689582915,5
2606554233235827103,7
7547276445492578983,7
1968008909126139130,6
5742320028913010889,4
5935018420802025055,7
3370745534304229181,7
1127904338076726175,7
3474369421191059611,7
4506272608578781035,3
6361393988037642306,3
1445698162853860234,2
6001031031963414104,7
1454395368920405368,7
6928114049302061976,7
6683326721520890360,7
942977801079211366,2
8690058117118541787,3
5866496236789334387,4
1476623285027855754,7
7565413523163635258,7
4283569867187782520,7
857926301573326590,7
56631512610058581,7
2691251825241596014,7
6507960520926001829,7
79674612526142145,7
2500420696553342557,7
8744062316745467404,3
5650802531307260208,7
917685004457017478,6
544457848823536007,7
57454355817642173,1
2066590175455619983,7
1347678415799097361,7
6416751631551692571,5
5080721564444287550,2
8629902590254603799,2
8545868157713044917,5
7671215010938860329,7
5984129224082779404,7
7169811047396703737,7
5173796760905634637,5
1697040039952650939,7
478093230717749547,1
6477405670092103878,7
1643021417822754819,3
7504513961876999169,5
5427704234942203482,6
7864117613732668692,7
6382277124103479009,7
4251785950882055193,7
5346930204353962954,7
5709333435188044856,4
5766525345247056556,7
875433006704730201,7
6772270697317783998,7
6011935509441626439,5
8587692968830070327,3
5556197993206623917,4
3065416998670126962,1
2772712012354979855,2
8931956126422996271,7
6483649510941439150,7
4893705583693206951,7
8103452782447150356,7
4139043348310341026,7
2797161957022343036,9
3423725439173519219,3
5446910752173387334,4
1107101493334848348,7
8836843231413753279,7
7120255840829532478,7
6582843339638392733,1
4152811667636491855,5
1276611253557265397,6
6963670357829771546,1
511067001418700823,7
4311571488794464532,7
7061151960892477271,1
8532914531840467699,7
1579503399020685536,3
2774410623684626008,7
7188916149831952989,7
5416393852804476340,7
7150269004461713219,3
2548109080937550508,3
5658368992377213541,6
7526472484624007212,7
5962905497981750591,7
1727668319542240777,7
7774160269256517744,4
523729309401108954,7
8999352516861813307,7
4494225777396612985,1
2286843428400982832,5
6197796317717812206,7
2731549555796354170,3
7959045189800257383,7
6373372928648897696,9
3398253024956654004,0
3690859532533169958,7
7169198853178736409,7
8807527623307523084,7
7306120407744305383,3
2952977058707008989,8
8474209536713854123,7
1835555083801086626,7
1489197831830498263,7
3906275108718423113,3
6017371770038093484,7
5590441606788383342,5
8645805343178040824,7
6082506279434717871,4
5758060003266984198,7
2765351107100801229,2
2124813720052664981,7
3321243448938235830,5
4125932626196697244,9
5074583946702949256,4
2506580319422643777,2
2364095840692704729,5
96221277862938339,7
8719843452927366663,6
4529798449773522907,7
152398247834081955,7
1737702104621021358,1
8323751727444135752,3
9055338408226325275,4
6101176400572730422,4
1862086243187902203,2
52101848953900842,3
5215861168445953489,1
8498825833715529089,3
4188308504203833449,1
8542184854698255927,5
2300487117857314189,2
407240389509372335,4
4684253069426271778,7
732221649870247113,5
2942600831619549425,7
7647836893312398589,8
1038880100179569959,7
6860330145383205206,8
5529193211861723418,2
3029532400838463787,2
2566707895566121159,3
6562487926507616067,7
5060678940721738260,1
3981281376948185467,7
4993005188526185346,1
4408447843296277677,6
776735947235887217,7
3009922184932556494,7
6026062658189218243,7
8664042661433409273,7
5151509659012270041,7
5157940606825808750,2
6039572684847452490,2
964768901207478135,2
6666204684659538337,7
5478955336764901927,5
2699929244055804556,7
8264665154566894454,7
3298830376939694773,5
8256260259172106921,7
2436379598163492619,7
1985986954796621592,7
6503872812830254871,3
6452733500433497303,7
837011639287300809,7
2985663570460304716,7
87726528712295105,6
3426465364865611127,7
767073015389375838,4
6823856851767517824,7
8241192284117646343,7
849447972635523877,8
6153381964402419545,7
3713254194612623723,5
8225533391646753375,6
2188996199564091288,4
3226533637159098126,7
2827479555392861613,1
4960931619710856054,7
8789471109293720016,5
5117370051789146919,7
5329723411541066766,2
3587875674166453010,2
850455115486815406,1
6877635781915968674,6
692950298824930332,3
443275271179172111,3
4365437322762141440,7
2009735724248367618,5
3933262134144558723,2
5645448742004130265,2
2098877189761908283,2
8339499920863146948,7
9121434430826632651,2
601351099859406271,1
7895366413935870474,7
4345628070392691252,7
1189912806120840446,2
6388003676300188314,7
529583228000009964,7
2943762647032431812,7
6945094913552010765,5
3692739709361009755,4
8917120906920385060,7
3259824909024885887,6
4191117358872015692,4
8828271135487879809,5
1032163695701952591,3
1349366267107169604,1
3460313960200576802,7
3652866632726620694,4
4367248227403918120,5
3754408023743748795,1
888657305334128674,5
8621930768481217340,7
3170268354275623734,4
7394089129671932475,7
2649184048257146436,6
8728771430491599970,7
4348269989895463200,5
4763752026566803687,0
1691429865215918513,7
3170636400240014450,7
6686158185495513009,7
1201048546304204869,7
3078405355374041296,7
9179273106426553749,2
2650740819882521609,2
3691490352015123150,6
5378683293345595554,4
4457271172326337272,7
2878533775994135251,7
7317029552752189856,7
4282947453351766160,4
3252612168462360880,7
5971477860953637709,3
4906611593903994627,3
6293906158732216310,7
7884680486018750054,7
6940819994431478875,7
5642485772685666203,7
3371993831699828856,7
5008212362021995263,7
3958571171069516589,0
4804127690149923930,2
5631963481742987444,4
5048410659828422553,6
3009935059309534547,2
1192295361091042932,7
1936820579816351200,2
3626873051493525665,7
2874839322866759059,4
170584772525921033,4
6313917377106992714,1
7748053426478254789,5
519943816777359469,7
3903360259982311856,3
1765852818788261397,2
2430472186545773583,7
3253253319311272960,7
6972316238709680022,7
1024146325844559413,2
7700869152794141183,7
2227389930036461873,2
8789612737422846824,6
2327746930027424526,1
3587811226937089762,7
3331887262753342314,1
1254953117903157121,3
5196293071454868799,7
3841603519251315528,7
7132430185016053991,7
5394691147101431933,3
5047143995455764472,1
3010277222949438181,9
927640714590717314,9
3709747484653121048,2
1249911174780480541,7
8982337992316766564,7
4895078346220768332,4
6697525041031653383,6
6832179577770387413,7
226420892302465771,9
4961733637380490340,7
6570501981132664062,7
3269347263864771353,5
5197909731173495750,7
2391417985403951047,3
6058322651184314730,7
8335254274856640474,3
3793670957913414980,7
4451388873381393972,4
1709712726231245671,2
8630958077564522844,2
304317732234162705,2
5612876693573439822,9
6165159723842869561,4
2009081365600334473,7
6268487087184784583,7
1359072203493623382,7
5072010007065298196,3
3677749544962020333,7
9169468307122891874,7
1523739804604715513,2
1273243864683450183,2
1188505738707138249,5
9116243539427478327,7
3890415284297396856,7
5922301540264775619,7
4239989595562573015,7
2587543367011652315,7
7973152562020851199,3
532523526977126407,7
7552175838035627785,2
2311137345205829814,2
5471441333420376752,4
1670768820586230157,4
903201186851503527,7
6802673714761321015,7
6968530722038921777,7
790225042412014932,1
7873545733264332121,5
97915046912563751,7
4767982958898768817,7
8772624324435574053,7
5190322744427935046,7
1403377780596835028,4
2863952454718784635,1
1070355740785706886,7
608380028952897208,7
6477829853384767997,7
1819491234090261486,1
6653119227326650107,7
8543910143025291840,3
6717363657170995863,3
3449563994502872214,2
3846914002681589545,2
592417291965975179,7
4674141160534785490,7
1166174394239686920,7
6496104888066479670,4
6369476108949223614,7
5838688003438042066,3
206835050344372682,7
2638447927100988725,7
2946274628934671204,7
7613892771439494792,7
1955761833226633544,5
5124233443853420811,4
6054354765802604224,2
4211040833195325626,4
869046315444545548,7
1233452347267083711,4
7676149664652170617,7
5463474314439027909,7
3896519723036551036,4
5887421801524415385,7
6744399732660239745,7
6398602112698432879,1
5776705389710554110,5
6431384414908734121,2
6041897916998797522,7
6490949732505819128,7
8191518453682613679,2
8389742101881375463,7
8841517891986693340,7
3572824272739450679,6
3566290406345374562,7
8837419481325484978,7
328104396686866707,7
8697429879104353709,7
2544736501503874866,8
3586522877434906534,2
2573181545159130760,7
5240134800394810011,6
4831686636361898926,5
6682076558387103783,7
2815974173333882945,4
2803536176485406602,7
3000573116312172942,7
9058938238474848911,7
8906267306253135310,1
7874864508772610382,7
8177459336819259648,7
2289208529368999680,7
3985222141036386027,7
5331202877896634169,1
5436066712472204038,6
113797324491293413,7
2825705697400798912,4
2820939815934877185,7
1541012075043696212,7
5270070955070861573,3
3404210619572732748,7
3942275335698020486,2
3863387632400210235,7
8550602735280651396,1
6395306383021322142,7
8201454255370264750,7
7474890156294729219,7
1567703788121548123,0
6598196503665032189,7
726989852078191645,7
3683047904053574049,7
2071392251046810586,4
533685610702414964,6
2987838693562273700,6
5404877381382858309,7
7113210602317364964,2
6063510808142467606,3
1718883590445220998,7
241599138428579384,7
3298446827994307048,7
6595070172283931305,7
7711365503797443296,7
522711667904365866,7
248520672007091825,7
1558516629990768182,7
1291160240776569864,7
3066097170068544622,7
7716313398234596496,2
8922483073442277706,7
1205940858618592607,7
8749489442773270133,7
736101478675461980,7
597919287874491736,7
8281209676254441669,7
89592201378160176,1
6031293962003801606,7
3521179189437428658,7
4089438684780243879,7
7346952963185925366,5
8142575168911083537,7
1148717098656966364,7
1526654081089417239,7
6089417238113403628,2
1369845538897559197,7
8171710705980223751,7
3145540795690524873,7
389789026558666578,7
3097143823961376732,7
3241868307340797493,7
5947712996482169375,7
1794243257015958179,1
1211877234526931088,7
7501728714148236675,7
5782697527468039159,7
3784454972174673154,2
7795401880793572417,1
5949763996731795947,7
1735232125406971690,2
7066185621779374019,7
1715649263044294251,7
4619711975772403734,7
4635414821955982911,7
2379950130967383486,5
2281655242630491529,7
2387361878502092448,4
3673432633051595754,2
8558480696557757409,7
7473424725018920286,7
5443139604167927902,1
4476434142354348579,3
6324835747390041993,7
4044756651867293035,4
7325191547541667594,2
762509079825585713,3
4198539048954020174,7
3793495521871459932,7
4058893508429643506,7
2370100183427977259,5
6611072696716774474,7
8821967760445054004,4
1903337714965685604,7
3932471763297533372,2
5685328085749429122,7
3802355235627786444,2
8769832348629272317,3
1866803190486033763,7
6013904883899830501,7
2090613554031740077,1
2680372512652375004,7
3023869909340369900,7
1257117520809637661,7
3127823282841733181,6
5619822059189134175,1
2794019521044396194,2
167650851263766400,3
8353588946402448995,7
4520950605128743999,7
7756769413139131228,5
4027326854481842492,3
628297681787784910,4
4867702416263028068,1
8832048527885349152,1
3902303698403689245,7
315605184286078667,6
2440229175841804323,7
5847308635676396665,6
7783385541428835985,1
3217547748648654709,5
7399744314605758651,4
8045452878882509623,2
2390548725686718640,7
5512681059646561109,7
4737568507039919253,3
8246293134889528311,7
7087352194068651918,7
6319261141945933881,6
94626552601022768,7
2906490141382653931,7
7793601325071217272,7
1630927758610611141,3
8747581741129583503,7
2584514258127901540,6
1336918174563965959,7
4060871348428127307,1
5589943962604073024,7
4407542316986639579,3
1042853731961486164,7
159301803336551585,7
3016044969574963545,7
9058269218363919001,3
6102013082071199609,7
4957436333696078711,2
3729672053675040634,7
6374669500169882091,7
2479624237453438778,7
7933724106205275973,7
2083228537115339376,7
7810679590277796555,7
9146433176441622943,5
9151472870755842373,4
651252698472290843,2
5348426623934375721,1
1364091237534501523,7
8433512137623965501,7
8104291757477598616,0
5403249940187456841,7
2357570136593591932,7
3238277511431027281,7
883921585950665216,1
3345747540405893938,4
1555102482067165523,7
8457209481282062440,7
120666974308890189,2
6948120089047350110,7
4506766750231658945,6
263646888005502397,3
3427906337912829040,1
3758888126475541772,7
4748350236168039101,7
2281065090735690259,1
8028711322716774192,5
7116510675590513635,7
2155848294238822062,1
7632577179107111727,7
1048872335005369790,7
1233293328825508827,7
8367990219728631326,1
4767374457034458435,3
4309089563521927149,7
7912731941578332423,7
983849127673157046,1
143481650261641165,7
5432983447439882020,7
8701963316953388344,7
6402344697944243035,4
789697375984244322,7
5728859942648420819,7
1154397111986035501,5
6537861897864988895,7
4795272090385879603,7
5872089952368816743,7
3590652078416277780,7
5335994942006418990,7
5502703954418806400,7
6060977419322376627,7
4050988959778733309,7
2008891158694249297,2
4498710399362192029,5
1563052334225884537,7
4284277456750782604,7
5544181852077031474,8
1061209829307500333,7
5268974834631704529,7
7876665352405406329,2
2143478793001849232,2
6626266373004364261,1
2980323981024852696,7
1129462598542084877,2
8187663835190755991,3
7279653728900154322,7
3336528063137508878,2
7132887463999922502,7
3575497036087748367,6
2635374668077696935,9
3122590131862824983,2
6179215403044630247,7
2134298482233950836,2
8024739285086532848,4
5892943655281725548,1
881854769603253333,7
2565004377010712401,7
7687504598608967989,3
8734569783996231461,5
6852455266283983009,1
1489412062312092579,7
3017603062066465719,7
7223507131841861871,7
423849906116182347,2
5962115312604316120,7
7614469495139136339,7
8432807546944291121,3
2318193432065506043,1
8418073440934127432,5
131834269142588543,4
7444888427542285241,2
6657272138993219733,1
1035040638171135408,7
4027501011481064164,9
4216614061034475094,7
616491723435390188,7
3641352086240859483,7
5939803061701887086,0
2528780170445353920,4
3977385616692530060,7
2388812243986280009,2
4501575168732590710,1
8634014709925008744,4
720476640462687564,7
7858541713149778704,2
7150054094743544215,2
5478997390843220705,5
2027205649459345931,2
2507573061826067207,7
948123984949972353,7
5690151530541795500,7
8765756655245872894,3
4970885897398915820,4
7152885909719412144,1
5820887316849175648,7
7043043517977368023,1
5197705986538248466,2
2609654863395702050,1
5911866822086787265,7
8242719066560884253,2
920842349302240881,7
3577691118997482861,7
5947210200278299239,2
4992217652574120433,8
2501843479050337901,7
4533333529621269315,4
254449649826440756,7
5534102536992195556,5
7819041070840755177,2
8505941116752187961,2
4272368278777330785,2
1459764747403944631,2
4093927788484054887,6
5205823622928483585,5
2024158249885554235,6
4539736196588424854,7
2092390595599572554,7
4262456723800391210,7
1876602540474130347,7
7269547995665649791,7
8355304250114650419,6
3197892434366755878,7
6533062259471688760,4
2850146117518383107,5
1548980899314174725,7
8060560824562596328,4
3158614758564859825,4
8307018308728909973,9
2191245926831639189,1
716951347523506508,7
252404395948917889,7
3491059420054853760,3
4997589377126059033,7
4598752904623680846,6
3368774465820269160,7
1310050216026553228,5
8999619494146279654,7
7550600714850036662,7
6445294451555061308,4
6854974473235165797,7
6621831221557293266,7
2599706453145212543,0
4662960036241329363,7
3931656556905537548,7
2236461568532688444,3
5804148488863759949,6
4193932040662852411,2
1779824582643308510,7
7765081578788546009,7
2058891173771673546,2
6978391301820534761,5
2468515924429040728,7
713840667513015835,7
1279953030837209477,7
349772275951804248,3
3268477338302444173,5
5365725822304381665,7
6865364101931755396,7
5084321565606225934,7
6307770485799436330,1
8109541516943173731,3
8274912183700055753,7
674104656207416183,7
7857726727562515174,6
9195515580006041069,7
8273428919872838980,7
4584382148182383279,1
5600982230226367476,7
6274542967043025215,7
9073376683520448465,6
3498203570884375818,7
2626479323937296131,7
5503917651235770609,6
7535129710600780829,7
640967787011248665,7
8852605068471502380,7
6481720056091167454,7
2643828289888918277,7
2177896623838067703,2
7392268307850143367,7
876564556464805862,1
4493406872445760603,2
4084652532831382671,2
8476077149727156220,7
691659098577839543,1
1942685161140639272,2
7954641987167255607,0
346890543551294139,7
1362957848806531084,7
462435598696551741,4
3315013152552892947,2
3554091618027832797,5
3740518309914342134,7
8507980727826448876,7
900087855217172756,0
611057759214397444,1
3306694218658889316,0
6934005530477506826,5
5264753692447443,7
1992788705851863704,7
266887856716528776,7
1767872418477222196,7
7529687851691186056,5
4660772125377800142,2
5122770170621241593,7
6980465171987102785,7
68825721838993238,3
5194171098853031561,1
8120941157918771364,1
5921682530729342470,7
8348510697878988073,7
4961370016395538976,4
8063229170808757674,7
1798157955960186872,4
1255638541078652106,7
8872709625399026069,7
1209441948566666940,7
8462673694042521992,2
7677874772074923504,4
2889318161317204935,9
5800939787025367255,7
8998888036357830013,7
8430538808900856904,6
3208746303507544966,3
9142749204658277477,7
7381800600753964250,7
1784077458376843635,7
6753856160118364269,1
155154246681998645,7
7921513197625922166,2
5920209397263517010,5
7196676473004673371,7
7356895427827435929,7
7401006616407947153,2
8948451426915389505,7
9083794015812354629,7
9146420620285758931,7
8659088002423634104,2
6687098487010506542,2
6615462652673391160,7
5117463914344588153,3
6781195795041841316,3
3784555453845772858,7
8775727604788978220,3
3537365112774491448,1
8623117820400256252,7
1118208876666000626,7
5007256389935019320,8
1221158299306533749,6
7440791984619235795,8
7060299864543845897,4
2037551524699588194,2
4884138271621811590,9
2322565603802904017,4
5368566069822122872,7
6358119871446111399,2
298249726597025342,7
6809033319331360055,2
2475253168645214252,5
600375061209638612,1
1760986202927413819,3
897910269592459861,7
7690763223389162530,5
508234287273397567,7
2053629266497632282,5
6224372853863075421,7
3076987142536902925,7
3318965054040330858,7
4032336122937249097,4
3821313004324955074,4
2279423676401968884,3
2120015782119278304,6
201821813294443673,7
1925864118405593281,7
2647820527343358736,1
4472995831116210580,5
3143172482895777474,5
8938568007053451690,2
4626370697236849099,8
2195821240317841388,5
2793896358395272723,5
1577573605377543964,2
153046841873437838,7
7882287409907794888,8
9139378670429527274,7
5592699159017823311,7
8675219933822060309,7
9185023245297079821,7
7022002243382552783,7
5416473898824183484,1
2161922384259645908,7
197223985440122419,2
6165734405356065023,7
1299382233568786041,5
6036899362884201322,5
3686572609782122802,4
5354301146895750685,7
4927805976123218837,7
1606480314275099362,2
4209312183229730135,1
6585388822635335012,7
9195522272521513664,7
4325436679689160252,7
7711159755491564528,7
7038590812468349815,9
11303040830199742,7
4134900849145583914,7
8002446686792505972,2
2552623359852042235,5
567348483290983760,6
5204818582605260125,7
2346186824974729948,7
768313540492763104,7
7386693541876147204,0
5474243325193871695,6
6618045347556231631,2
4111951153919418924,6
7722485430193299994,7
4268126312884740333,3
2512668774109146732,7
4677630475010644661,7
5815696746671284694,2
5269491651857192287,7
1061293420234917678,7
7234388276214146049,1
526381946293273024,7
8819775796433438593,7
5493104949667737103,8
7624484463898833122,3
7745096787233662737,3
7943483146797762274,7
7796101246739709936,7
6528180037283880946,4
4324665553140013795,2
6975075298950958553,4
7367213725013491184,7
2350298201909366934,7
6752461653804949525,9
7723703033955450725,7
2039037622562360597,2
8652902046974533793,7
6642853603723945108,8
2426866025528737604,5
8465721225526607188,7
4409500641398373210,5
2761002904091736209,7
127408895710349919,2
5462304138123168915,4
4976760012904141583,7
2899932771409971617,7
5198468395087071901,2
7512296597744699400,7
4603680149421475664,7
6015399119601984783,7
4725158342461559911,2
4619863240390947569,8
5395468174884401735,1
5626381119117344484,8
6892713191636580021,1
2707520164108655969,8
3139324353150805033,4
7893449201904766685,7
3993032501104046205,1
4234710604735156913,7
4213291863916772012,4
7573421216888251027,2
7584103385072958511,2
7180330710334323989,5
5217002997969953280,7
7379304511459882872,7
2869766798629626795,7
5437322519486256684,6
6771813748805143346,3
4333019794172865241,1
375432576821115049,7
5306727448636328035,7
3614417931528512081,7
7714181609216120557,2
7327177131194299663,9
7598921972714143963,7
3303044453130403812,2
5968253926384111720,1
8516112765395098310,5
5950524716063562447,7
8626856030969471044,1
5142631072074430105,1
8693589791405529741,7
3797254210740485145,7
7025915265927189744,9
7561380387571404761,7
8440667573751212981,2
2321849935844184438,7
5824577450396095849,7
1834429902733410209,7
2448953239751201631,3
7326278055577459900,7
220696410781445487,1
7667955280359417145,7
618373126707537227,7
1346517661770246515,7
5245495041778575185,1
4524934810027359626,3
1039729312861927394,7
6711515895977787364,3
849992436964396439,5
7324668099112279563,2
4874924759943464477,2
648718014752685829,1
2118481136587529404,7
487990474507217320,5
6427770297313014689,7
5657163151793088238,7
5455988164881487437,1
4846984224501784735,3
1434530212716002076,7
6409047676448211821,3
2771698821326647132,1
1379167453757502492,7
4470076274209874272,7
6730954637218204079,7
5079177944522255131,2
2516437990238001782,7
4960127009737386414,7
4281911447747868009,0
3789080618003486904,1
1533173205336300893,1
6388407971194885600,7
4851735526454084799,7
737828812357105979,7
1819254754026362832,5
2160391122024266621,6
620904711562943812,7
4173742840401334836,4
3958140359377249011,9
6742124129875384804,6
4845731324957482412,6
3467249958168565874,5
9023886902968463415,7
2463175676826466364,2
7212974249636154271,7
5390303316618401947,7
9043723041798960895,5
5100776859347778241,7
4083874589373833692,7
8825169229794813034,7
3079202510949685772,7
1266674007252410509,7
1069565587955999995,7
8125100724075831311,7
3165609436010519476,8
7277163742688402731,7
8217401909103028372,7
5752959766738410079,7
7560218452339041325,7
5576403803703337276,7
3497655047571653019,1
565927042036694647,7
4288479492420402427,7
7769386496499512308,7
3464775721602397219,7
3284100160482633952,7
4631759898576220245,7
5706206994971151931,4
8867536679793987169,1
2678460750047320737,2
449507153113803737,7
7783833451612739199,2
4850392183937229034,7
7791182832439469284,4
930748538764855291,7
524526769775146275,5
8085672222085675852,7
5163343444124976658,6
1649531488252216163,1
1523085601055669485,5
722209987039158121,0
6479170317539622400,4
3530095407228633657,3
2908988930443593954,7
5004934042126859459,2
7198961954375761672,7
3305862253635589750,7
2205622502130982359,2
1442943692081237442,2
64581911070210308,4
1474995847221276625,1
5763461763911773852,4
5217212818816757469,7
1668515210682179719,7
3626043815719777,7
7610082426560728384,7
4196779778695015863,5
3618160396727454588,2
5903814733768673818,2
1220101172662441490,3
1993868727246979829,7
4882966603393165134,7
7094633165017851902,7
8762872200238238141,2
2926901765835648692,5
5530776366657595142,4
3889547007736013034,7
1444953831486633265,2
8257442216410103275,1
3260614710561799777,4
2793703140793299469,2
1704309647775265931,0
1247030075121130274,1
984537911385598887,0
8368978898575171038,5
3204702519644390267,7
2448666807715531102,7
1879670631038617799,7
9072693951412407986,7
8962830849117277206,3
2345602208785033533,7
6866575953765459663,4
3713148932667549004,2
1148977151647603584,1
7695782117686967766,5
1512477607534247446,2
4873637322767360099,5
4085347781531215701,1
8678648799379209196,7
8988705762163343037,4
844061366531851326,9
3931176499213214834,7
8162629578256433033,7
7796129657858064490,5
5564006271808972755,4
4799076070636688176,6
7695497952497014332,2
8384597175567352009,2
7107884142147438690,6
3268727927778548395,7
231087621323223574,3
5564392001370208804,7
3068714186370848375,2
1210489554764235287,7
4911994413424072905,3
6756989395366774314,3
3013092196642761379,2
2928748789176468962,7
146773377129785007,1
7311942543388706552,2
565802408249501436,6
7620555287642149450,5
7289776270939714844,7
562309994745494831,7
604346202281781388,7
2557638887211417766,2
1313963348476984246,5
4104315290818919406,5
7177973321256260481,7
5194215445023599029,7
6545014411606014738,8
5324949186304546577,1
5229135026660404161,7
3551907896025095349,7
5919911410084582466,7
753255843274374155,3
1362130777228950109,7
5048101040966904821,7
5499063888766632127,5
5913063895252606732,7
6459885080086414923,7
594441738608825062,7
3718374169187424027,1
3906962112356118180,4
8756138120255567476,7
371784229958855539,7
8036527215049298451,7
6300900742677946856,7
2249110898091389628,7
5842248595714624758,7
8603785727838796371,1
3451567895594122820,7
7230357947540765488,7
1597742824673580755,1
2826831272549074205,7
3661366173656032844,7
6329713844026386208,2
4622732423207275091,5
3449791923229973855,1
7298030106749278463,4
1864695815059209105,7
4174826451852277302,7
4050005273641735560,7
3867189351553128471,7
5010516354390916087,7
5474290401582482656,7
8287015932542761401,3
6033183945575721763,7
3409625532060775836,7
7366875368359832032,7
8017363135253108409,6
694449635414082601,7
978042976367861140,7
3125002889152391081,2
8603036803112147251,7
2879594853973205415,3
1424574839034298509,7
5396212341741944004,7
2810839514653173468,6
3660141039362893052,7
2784867397233570653,8
1664455775986494629,1
5535779991343311856,3
7640108835777838208,7
8179554365376956270,4
6481165899459735110,2
1329062811600622558,7
7707897649149123705,9
2500578923929096999,4
2820917102631572000,8
7461060424774136394,7
4473688471489493551,7
8896128259162102197,2
1486072419763947982,3
1742460827725547442,7
546581096805867375,1
6727786021840673491,7
3205974393446566128,1
1972835657144359547,2
5503992754568791490,2
6507948558000999100,2
388927508718411944,7
7863135605116466942,7
1557498876379157737,7
5341762863880049123,2
473169973675620906,7
4308805068180426216,5
926079106324109335,7
8962183932141359792,2
2154528864420959903,3
6486811085290760133,7
3907706230885255871,7
395172940106059623,3
5782262979959937526,7
2960156464080677624,7
572362175313215646,7
3839864017051755411,2
5634126705574125796,6
8431826570016213476,1
5656986487955264358,6
8906783263413392323,2
3841153759730178934,9
3002577090532636601,6
3115999281300218659,7
806274891813549553,2
7572021097433746457,7
6295924625831768963,4
3673022683276583080,7
7448270869160284050,7
5399800808601545194,7
6573637404508514769,6
7559506317429961935,7
1663389263947030471,7
7818594122339985383,7
6462711908112556161,7
2798540202614398679,6
221673204604791089,3
3954629771126936652,4
6254215699622050124,1
2286922319086356936,8
6912984282750905341,9
1104056712690579839,1
5440626633260487070,5
1921388954638456357,2
3360822127880719897,2
8355938044489264105,7
9108674043938603697,1
6244275829050511927,1
2914448831786893192,7
4266353824219516860,7
1876942159800286326,7
8287736372854276284,7
4226716244150291618,6
274847585224995450,7
8937430275170627711,2
5179799217685456086,4
7134821509797501257,4
2460129302513074736,4
5064481130506901836,2
4322591349289379062,7
8919513949209477532,6
5190127957647554859,7
1623360100707906045,3
6458529377105819113,3
3832023523616203199,7
2591655077744471550,4
8055128282338139439,8
1346066840429420031,7
6287742568160516473,4
6135282884017376869,7
3035380655660638510,2
4465479717696444209,7
8578978648393716205,7
7989911066657675442,1
5532655511825412828,7
7553873697855845304,7
8295983935840547862,2
6681455290135144485,7
728584531036557837,6
247564657448881732,1
2260726057039353824,7
7880459462930765678,3
6237770776319526267,5
3942841706355918186,5
7231202772762121755,7
6698040159269632716,7
6009945920816398878,1
7641545739777928192,7
8865653740902604338,7
7981577956445089956,7
4847473254160872969,7
7528696141948840079,7
8643043921891717572,3
6013246583313894298,1
7036025370488556803,7
8964329981336893353,7
7954440317670524072,7
2152892894796035028,1
9010629001501955623,5
7302808857931960005,7
2171996694751570010,2
3159055430796340895,7
797105461101750100,7
5747536622145172550,7
8139648273775442537,2
334226133506564965,3
4935237879596771988,2
6119992405550833852,4
2508352531742225854,7
6128356651047809132,7
5690599214118675526,1
3733280664577371831,5
5640357701091533230,2
3928287113543713349,7
5469843078899275213,2
6822973316588446159,7
3891432314146162641,3
2594060570267123232,2
3480441304440370895,2
1421482707494693494,7
2932249756938502410,7
4301795382711643157,7
4486618910694878032,2
936986479767170823,3
5674414133626374803,6
1192922201339226925,7
924834401579283442,7
832324858110443992,2
3349490871672090378,4
1109881714271208514,3
1928537618834897072,7
4328332548063479264,5
6009854634001705306,6
5689992335447782362,7
7492395418329534930,7
7637906108523669015,5
1083479320654251852,1
1301527308754677541,7
9032355463022510839,5
8891605715397096082,4
8023819930389970154,5
8195290823106005399,3
2731517841255492916,7
6111144790031060468,4
3978619766695017808,5
7439467402999658318,6
7151514471744549780,7
5196603138493315632,9
834262889200679708,1
7994106655297982370,6
2112621844055981970,7
2687269630130719308,7
6108246332136271591,7
4806243038091363703,7
9043474508668787449,7
2946723461213243953,7
3092169663769143657,1
5139793829930406736,5
667171677811625557,7
2224218562959663820,3
2347933336435565525,2
4728348676381658827,0
7456974155558570114,7
7609993661703299077,6
2099406561253434752,6
5354626838684213577,7
1242964232244369939,1
7174365482908540432,2
4574067537569209366,7
6111777847552131272,7
8478123916701698303,7
213605584341010648,5
738003061434749130,7
5569682953047338041,7
3224845789871313113,7
2365573048059435703,3
2478362561033239643,7
7996451591914067012,4
5909008431340311186,7
3621378828950778218,3
7453167120653123444,1
4434463866458439972,7
5858684952707230258,3
2436043407355355408,7
6943660429113413684,7
3893245513978371687,7
4678222196946875296,1
5267131428949522721,7
9088067208310216418,7
8714057067333206881,7
7915682604151917344,7
2600740108867556954,4
535794108291351643,3
3895710199627209387,9
6833733388430336367,7
4194794274440681744,9
7448113042634708760,7
2130927658731349289,1
1965823682611946903,7
3396803988143841138,3
7489625316412275770,2
7427091374736944988,5
3913121874611923661,5
2203188248423131036,8
134430537244478217,9
8153151926530115843,7
7223459447305473911,4
7903524117196197322,1
3050160493117545468,2
3727209197753229278,1
3753920641281024306,9
5619470337873245521,1
433389838456104195,7
5391833181416753357,5
710533623823967543,4
3224762949369348831,7
2005433160191188162,3
3766171166514034439,2
1248417563431973762,6
4341318764812243046,2
5204473807457346783,2
5591971936629518280,2
3748005430869403086,7
7077429201061651588,7
7175690187981875773,7
7041796359603423931,7
2384709666059559730,7
6063774573528086790,7
9135142096923495602,7
4045137504214183336,2
2448367742781914712,7
3385284847205032835,4
1098851930750466424,7
7203826012941755515,3
7520489777760470478,6
6894889173366820873,7
750190969689251145,1
9020139740083504173,7
6347467287089768878,6
692961259274117672,6
3275443205197139950,2
527625624137344079,7
7992114176291397020,7
6958389679815928224,5
1105303335356890028,3
2679951725434915928,7
3200367631844190364,7
6890617616874930076,7
437675069962176550,7
54058762720869731,7
3815600468866777339,4
5246010011089154300,7
8511968699531194880,7
4012904882485929673,7
7521801922366707785,7
575934309281762467,7
8400712889573982087,2
8567433546748877938,6
7077267576725323586,7
1738830122923855909,7
324349698744730699,7
92567857262351342,7
9020218400860154567,3
5979160967185146079,5
7370205165685724123,7
143849066625454714,4
8720902444315008619,7
6124248766324452513,7
260803571867276008,7
2357513147683077505,7
1214227065340732887,7
8251195661334999719,2
1039945500025120836,7
5718622932150517782,7
5542062529421098408,4
443749204000247575,7
7875472219229889346,7
2622778590694403730,7
8353745861054610998,4
228374603620451206,1
7192363743876670169,7
26013044891913803,5
3775431738702805478,7
3065602934200872509,7
6983865588176667532,7
9067162052851910972,6
4279819261181442181,7
1112867572139589506,1
7307214743518291848,7
7978276120021130698,7
2342540246639547614,4
5406305970183881419,7
3979001845086045847,7
1935508699789655585,6
7705805859121333239,7
8319893587076178301,7
272639775664232711,7
6870449911798378284,2
8003400588022145439,1
4747445830124761607,3
3218466273399964001,7
3066660399335406684,8
893570665617517931,3
6443213139971833857,7
1124644574127255066,2
2171341701974248962,7
9106768113953834969,1
3843002906806904986,3
7357199053822431957,3
6472952872291637537,1
1784153415132328878,1
1260383126626803473,2
8575437191361038729,5
2695957002907307839,7
8606706369998911005,7
655603560444313521,7
7555586509880980444,9
2247150806675200427,5
9363876749848384,7
6234423895877010638,5
5901351856766453257,7
8395067694670685269,7
2413937058180933956,7
8379315917333932468,7
2077036402918215294,7
5626253648822907410,4
2451278525410764387,7
6075620526626986544,1
979479411020196828,7
204616220560860203,7
6372859086792297624,5
3802057325425708838,7
2413123855616793997,3
6206847509919136534,7
3730792882231046096,2
6966326904897104478,7
2679589414555572243,7
6372332448984694039,7
2064770345759037768,7
7050660837345256533,7
3833442758056980821,8
1029264152990322219,1
5549306928253953734,7
2991167488401039441,7
2928677186556017552,7
2270292380660663788,4
1596283107260730106,7
3931026629562256199,3
6551050530774293252,2
3172518535627935421,7
6285898424002167754,7
8753234747848086364,5
1576085862200338921,7
768420630440297002,0
5935661312066179397,5
7222863786893760152,7
6131007857180641588,1
8087345136493957831,7
4433736382038647297,6
3398430367182281173,1
8147510538867598711,7
5224562272473951568,9
7626501177075670289,4
5358566150476885431,9
18529079894944859,4
3894737580412817447,7
7596637984787176036,7
1811060179818336886,7
6400381728387790429,6
8792236132346734039,5
7070320302771410885,7
5200811645265048967,7
2453187965611001989,7
8283486444587282865,7
2831862840576012809,1
7612533541195311971,2
9025145294005385514,7
3702878794364986593,7
1582749570493407020,1
2675475065793153853,7
5968112558211475766,7
919291925318311203,3
6642021964856914486,7
8174724552553204583,2
1240624289388115137,7
8721562776251045403,7
5867262423976624368,5
439967377417698778,7
8326977317279733595,7
3309565551946772017,1
1883800031356977264,4
5023268860356859516,7
549004079224424893,4
2553980032943866333,7
4816324808130777781,4
7242949473291490484,7
5265700369850503096,7
7848095584163902459,1
7337425119819987387,3
1207943523336166221,7
3631984398207705366,7
543919161012367787,6
5015839933930960771,7
4675306377609380977,7
4224700629749217549,2
9151227439638160335,7
2639653596327375598,5
5190499677722301056,7
6563998847100525685,7
1507015330013067016,7
6143819740197363574,7
3650192104251365447,9
4816597615059173471,7
7189742824951002993,3
3195681301497060341,2
9099332018712712105,7
3940676062028963358,2
7230737040067032467,7
4633797705992380342,7
6279251809277473039,4
7716054524125326721,7
6693117683267044017,2
6699643179407499061,2
2916738461359829028,7
5353874498204344626,7
4779135827263859106,7
5546964084035697836,6
8880554910417739872,1
6795494151988634696,7
8751508121319814925,7
3981967519333822025,5
8522296386876690185,7
8284356617695378222,4
910685114866774330,6
7674032962560143417,7
8238588533937323485,1
181687389480630286,1
1991224408026786408,1
7649000680764256687,7
1363436766248863543,7
5618685730376215214,7
5442756057359713046,7
833720445839996648,6
4005228963341573189,3
7114147783828191405,1
4766325685400343096,9
8111118689516280264,3
6081682888264277552,7
3185022893739986285,3
1367881512008266429,0
60617582567409877,7
6270957680591848908,2
3712801614583166478,1
5194096302535450923,7
2781182133425863061,7
6618998933035306368,7
3511547445909098754,2
1829202039841213093,4
5976319406047393468,8
6365458168817621408,7
8091081838715926194,7
7524322387594631217,1
7737697424081164156,5
6295013439598310713,7
9171596339307530498,7
7802635554385742294,7
4302169125922807474,3
3438086098995474937,7
6306411602547432216,7
4964230741836898127,7
1218003593034883148,7
8303635756078310172,1
1045804577041634063,2
2965265587670561475,7
7922398902082060563,2
3821900653477175604,7
3247190848429632552,7
6799721742856673922,7
5235138574731529651,7
8997609410925816618,9
6153219680182311553,7
8438380534114120937,7
1380968080781806216,7
952004296431906576,7
7851153988560360182,7
6795427957920246227,2
8969503894358379243,4
1314289124822088916,7
8056095587310573097,7
2500813109883707697,7
8720136965486431240,1
8885830123540243502,7
7229168484108365193,7
5513166336388433237,7
48476887124870947,4
4993952559262173910,7
5951637272652954045,1
7276155151261072708,2
5519861934032207711,3
8391038875539058552,2
6387058208035906427,3
5500411874986368846,4
4067967655202309573,1
9101037771402329943,1
8415916106467416124,7
3663270378488302991,2
6856749010497921601,5
1235222718203055260,7
3300970388333618785,7
1976576893479831645,7
5399306565139867858,7
8516637461471721506,4
5437191168194870053,7
6039717368316639078,2
2199700283776866990,7
522529699653595290,1
2229097747535056205,7
4530790654377155186,1
4100149814071911577,7
6224067705817721765,7
4665355793583078444,3
2366277034183287520,4
8703308301014154493,7
7046293000258360330,2
7547575553564768007,5
6059932393980547380,7
3397379484603038022,4
314503873656573381,7
230187918312203668,2
3665892432179887519,3
456604999901885028,7
8923247457920196359,7
4113888486932278769,5
3661160536673424378,7
7021943317564055638,5
4443490755091517643,2
7838365446265963635,7
4584857475231757415,7
7168529119947148707,4
2915288604024602101,3
4471856819933179589,7
1373900948224139240,7
7932481362892698760,7
3482566880182961462,7
6493161920976492758,5
1877343258205023416,3
2353296607903332110,3
3647701388687043587,3
5853609027628192854,1
6397284825463033593,2
7743173397683438489,7
2799664670512738085,7
9092239129840141557,7
1142280437133507488,4
3281447784023187929,7
7201863467385671784,6
6631867011635583701,7
1365805114834157137,5
349962697230127453,4
4824821100898816941,7
7464820814096810173,7
492323072215432095,3
544896025143116708,1
5277822731047452606,7
7199085033297285301,1
980530549214500865,5
8620636454038821731,1
4046720265786230687,3
8600866735873531581,7
7050307471119028853,7
2535618361945468987,7
1994431105604141947,2
2649616315036234695,7
5096710276432370388,7
6392544738385968091,4
2507018494972495171,3
6791975331660075645,2
5402597072112176712,7
2840399418698533640,2
1384410018787005547,7
5526359410835431468,5
8990666564660436895,7
7677893142354989922,7
3352902547778231169,7
9027672446450080984,7
5183152440699672898,3
755761741226355183,7
5033124263847980063,2
8316770893475853493,7
5474542516038499252,7
2230972065949888675,7
4711441917458652413,7
3361196724261076531,2
6483544333218489206,7
8232890672384529141,2
1462792898898698487,1
8007890664230476136,7
5067742868716704913,2
996545964296631557,6
4946497583124669386,2
5380604529748012573,6
4988702784059383099,1
6259979080868653479,7
7153568675740762961,4
3482680477102874711,7
921129595607677508,6
5928922592326275363,6
437523076005499013,1
4887132831992659698,7
4848433357218808897,7
6080770456769657256,5
3097190366343406942,3
9207819544524757291,7
1044835149902176401,6
6934956338995653060,7
246864608307396145,7
4328505799663087966,2
4467304391691009175,1
2224906850474000822,7
7724730092071186793,1
7216887295305756093,7
4819438280813789359,2
3822037622756611434,4
749706681055962275,7
6149538731564950766,7
4282300849554828450,7
7231064564723935175,7
4448941063296537774,7
3131380690387606521,7
8663300118792207313,7
2558661811480980640,4
1977837547282608825,5
4318118696829534253,7
7966028494860826455,4
1742844886302748712,6
746414559659249242,7
2282316845511373324,7
1705475379348394449,6
1040341033679410052,7
6460986324843948181,7
5481149305150517423,7
5143561953770426441,5
1860060762787195314,4
2535665852851849166,6
5754439312502124017,7
3992001710629875673,3
3524758915260188241,7
3470986636414290271,7
2811091586613069829,7
3139813914477432213,7
8430635118288733428,4
4381537034789790626,5
970871671418819190,7
6103956452567221152,7
8200719378918415893,7
3982073840055699527,3
5374192991964292767,7
510609660836467174,7
6262610138796465706,7
802882143107648532,4
1970329397895482533,7
5609754100160890703,7
1313084857267599766,6
480297176602067765,7
3342098384210074126,5
3165213825442918187,7
945394927887689586,6
3754196303017968820,7
223851941811134170,4
7335570686051588467,7
9148071971079169815,5
7937809300029318803,1
1683019272630345185,5
4234807999985853947,7
2027702430328604787,5
8884684574847817014,7
5695876396578955433,2
4395362894156349374,1
3818865314316731752,7
3658184626275892318,7
3690174162643308616,7
6323439641094882953,1
4476627971677200570,1
3596916256714995619,7
9042551131814863966,7
5087134493258533682,7
6662768263285023478,6
8061393041704466047,7
1866635844971394042,3
2500902406825588870,3
331692126305052153,5
1046931672829483070,7
2662310262618447160,6
6840647585327296995,7
4317104273374862719,1
1687067893277304322,3
1730617062817263791,1
5667067159513724942,7
4049373989566693682,7
6545559239317215911,2
4046139375899421122,3
2650265002369910526,7
8535017752560679058,5
4810721086222770366,5
4247069188608806081,7
1187468087000164158,7
7566856667176552178,7
2123589047420103731,7
5643249753401641351,4
3614443839771671759,7
6716731074681682127,2
457774212384741019,7
6084747848478376536,6
3440796549549097468,4
4017525383377472793,7
2814507720600870849,4
8375861561029318958,1
4807341734943949044,2
3063040760702735783,7
1948820048791194013,1
5921818373550575384,3
6335749124076611149,7
7058368502825496726,3
5317781796307424672,6
1945120054534245492,7
2116428413936806574,7
1436731166273931320,7
2049555701409782531,6
1892137026920361507,7
6735401676757010230,5
3990420080220710140,3
2554792821530594740,7
8238779316405628452,6
4312692496755417204,7
823431898317575255,4
436962790347439353,5
8409137326965040038,7
6881478776701765427,7
6493123297873446054,7
2602223855405058183,7
1167145544104184088,7
7068195787927128538,1
4399775898506610507,2
3632385676332376419,5
4366543411584853714,7
7429382913017875155,3
6123940618838241349,8
3412734449601000105,7
9153233888004632178,7
2415878733580828098,1
3805266263447048149,7
9094964682132168716,7
551798781701892606,2
7981154652432173182,1
1603856800687300614,7
4093947943185776477,7
4584579235363850187,7
129365503107948589,7
2776916219995293459,7
8025169260806499835,7
7868225253897862993,2
5136513156069330138,7
4442913470007760547,7
1396348126463502506,7
4732836465020709344,7
7406514540950935794,7
8346823629528367742,7
9152965198453600792,1
5662636686213042906,7
5486475757036168298,7
7333609841182033655,7
8887036255275532627,7
3432521113244385083,7
8305512510925861135,6
6424405221114977972,7
3780748058054079874,5
5030093354077813573,7
1417102202927524054,1
6768980097883767140,7
592078452551183420,2
1216620786687445835,9
3305645676073798434,7
6906212583921852778,7
4523279228477662057,1
7870073262886841637,7
2483978120462969247,6
4136326250950957517,1
8404635796934813871,2
4755767905292067711,1
2570017625101981455,7
8323098270286557839,4
8878022627659987519,2
1039808532458280623,1
6522817359993965279,5
6392132552132963308,6
4354587482412569000,7
3065677417129461841,4
7299472507812598980,7
752117260561923973,3
1580253129698167304,5
9097437950989266678,7
1421296128572291643,1
5123864435305107554,7
8883364218311034263,7
5043901202810045142,4
1088596391371200271,7
3938136361554024810,7
6080929243247658143,7
4128499683852836708,1
7701560712747985109,8
8418469866186577585,3
4181911408858618544,3
8564411623864147863,7
717742104799705977,1
2484971696062081409,7
5307990284239564754,7
8524893995855144698,7
5598493603852176806,2
8937096464793477978,7
8517647375671163284,7
4299161069891538088,7
2532548015525786981,7
189535654357112517,2
6480755351588757284,7
3871387429260838368,7
1147257927161800534,7
4421223785449343949,1
1176801869423854083,1
8796808874787756099,2
5455511526666061032,7
4502522474861615657,9
8709970045781401904,2
2978199209953159422,7
7857496132817238671,7
4583658130758134614,5
6950793832202270890,7
192726644940874634,1
8889999300548529827,7
4418971331170573341,5
4998985615076853773,5
2881672115686945297,2
3686493889532351283,3
6608243070199292559,3
6901338324542029291,1
1190110549352064552,1
978903342072985163,3
4188181147815870792,3
3853943783962024182,5
4740359657903549407,4
4902868301942118168,1
8981502379532057620,2
3253814161261587639,3
4027978590781412426,7
1340484576461588633,7
3307619739767671869,4
3276350941037539512,7
5468787511987372808,2
4481723989584468315,4
6418331286500741147,7
5733516628191221868,2
3080692691051733799,7
5679650777850661143,7
6070893306170129763,7
5490201125430752341,3
1326443826820194166,3
726244815276372723,4
4163586264755977362,8
2364474279953965750,7
1725736738627224180,7
5869978927159757250,7
1872789591544235605,7
6067738225285146265,1
2876382797470243998,9
3597256009917466005,3
7228718325902617114,1
2137953407499228301,5
6692010954689446280,7
3107710397910314474,2
5626659430896611900,7
3352426118037349495,7
1346273949281921293,7
5630217228464427624,7
1631306536095543530,7
4302918975189159417,2
3964235783626556004,7
2310025995022760583,7
587937245026146802,7
140575308103515368,7
8028435913141198903,6
2316761278948574192,4
14308557852778869,1
4703741706316664244,7
8711920414128983956,4
7629205330396466612,5
3092033270692658773,2
4989233152752047402,1
5819345224565731800,5
659674622393537994,5
4155877060297829011,7
1658442369980165212,2
1526444599172315616,7
114582826464098302,7
4466405066210627888,1
7512829459173655561,7
6709227044800351055,7
3814501108383895784,7
5339070943731471973,3
4850672442137826446,2
1906270090401970299,7
8864333284434058801,6
8082710451791581,7
5872304052589151347,7
4821746468064037419,6
991479839214302402,7
2060029734910697938,2
4400276565788990482,7
2398557205874727209,5
2294162409808183925,7
2266890176896212091,1
3327038174356932733,3
5298078349417459772,7
3153837559927057826,6
2367210333406825507,9
699395435016545442,7
114733665527657842,7
4937109720028464844,7
1517255954762226285,5
7284497078096288609,4
2822085276241824732,7
1495990704474016640,7
8223094014902047802,1
7882667531929209187,2
3786376720085448339,5
2719381597280909704,7
1301308337449969909,7
1699844951821433006,4
3145990796259866840,7
2277183368443641211,7
7894732600752420415,7
7958274081220809950,7
7981283182821162700,6
7509828799812312868,5
8959924678604620720,7
4055250247203672788,2
388961197026741826,6
7649524174341946392,7
9174453398610378135,2
3376354308595336892,7
5179331155102260647,7
9095709581184005981,7
3149493985090281906,2
602886599159369236,7
5355326963703774540,2
1927865566065302733,7
3077286271729300499,7
4239847952754843302,7
8967871376524520350,7
7929891506261640671,2
1663323782706276017,4
5408663812395456189,3
248120498141872025,8
6275895146544025764,7
8377998714621931669,7
4006706150427110370,1
4418500169601214071,4
6600934048436489187,1
7062784512593905714,4
4307787856076815181,7
3787589857475191201,3
7797923317304345833,4
8672932481876042484,7
5871069141684004324,2
6833615100569762801,7
8424614646828749257,7
3547222095841658739,7
7640851194537030520,7
2655593759209982788,4
5165356150884608805,7
6356132790247751790,1
7640137049987370178,7
410577731346799292,7
4185745885842548603,3
2163198487466085493,3
4699731972708930403,7
4001497571864733595,6
6232274594276739118,2
1447085156548471821,7
1124872881667916727,4
7201254788869661997,9
4880867691534058577,7
5889811350607358779,7
4849541082160855171,1
8777110219751063483,6
3233348778106773315,4
3036403206397427290,6
315355144517081828,6
1398335953773971881,7
529860944074850095,5
1494341387261281242,1
2397876423045192707,4
1454552190381082649,9
8113832461164804888,7
3597143911421939515,4
1885097867044331196,4
5897753328904427389,0
1742238793859257714,7
6860818197584346202,7
6078796352861580305,7
1829605179976577731,7
8896183497402323150,3
3619555516180301940,2
6094638613708219487,5
4894400705530022113,7
2663214552615167942,7
8823439453037284087,7
8687619646580482168,7
4826347151770038387,8
4467996020901168400,7
7428415068267148906,7
1286570352738699325,7
6649542693982736167,7
104185445737176022,4
8784438520933891157,4
6217410980000308346,7
2452089392214913724,7
1689084900432704026,7
3893475407016889974,7
7276052823987297981,2
6204834499551892422,6
2082929044440501855,5
4478164966516934548,6
7113336458711041113,7
3890163856153764700,7
1703702733614223518,3
3028554453729126995,7
499492877268191236,7
1985449566741976223,7
5079309126859921730,7
83971308322436310,6
7496238775133323726,7
4879333654477584610,7
2578179057558460908,3
7282200968050494266,4
3888147982246017214,1
1878527121856032884,7
1498604838461177323,7
7229319807561161444,4
258451838655162623,7
9064045607749358858,9
3754194339716810842,2
1279273107903371015,3
8609314641550068564,7
7840906428266743664,2
76946399207995806,6
4629619513019318764,9
605627740125060766,1
6193203999683796438,7
3163858634778144248,7
6426663523522492786,3
2767037023999220248,7
8994113415499345556,7
8667333994956347306,7
8505563689810868034,2
636977981226057835,7
1762447898800423485,7
4830894518271184456,7
1769708849255638329,7
5254410466084704629,7
8907376121628941624,7
1286997678351783859,7
4810869288489112128,7
8026740035428037307,4
7054506919397271955,7
8746763577842404752,7
5695827810764616228,7
3441935625285981404,2
8118749208055850712,7
1131361572667622137,2
7723268573899764335,1
4738510676322527541,5
6468758583159012869,7
8295675659238874534,5
1513231227904296716,7
4376762632475745946,7
8817898946289472325,2
490740272650474547,7
8392104541794694443,7
518045454244271435,7
7399385956467004839,4
4306108871088484652,1
7330371014874531259,2
7926839299977251080,3
1658717586618650163,2
1424414513965862256,7
691974824618324784,7
1573470978883627961,2
552600742076654825,3
2521817970528753054,3
6482265686593197259,1
8322882515781722448,4
7120231700908363489,6
8683441546919547899,7
4724137250624361466,2
5332889505017598373,3
2084189644529389218,7
1336209623109683300,6
6531652616962786260,7
1677273475096380000,7
1811932992741559096,7
4524244465020032783,7
5140357432590825088,2
4237260222051128783,7
6633689116982030798,7
5214720411535312610,7
3036984033743175617,1
3616391707196644279,2
3907335472763214155,7
605896701846036767,7
685094653051980122,1
5434316058477657048,1
7153202406398120235,3
666169323404960921,5
740815858953303936,2
1454644248925516377,3
5845208191236447031,7
3558362167985791346,7
143728645650104671,7
3449571106569169273,7
1537717933709490009,7
1636098243037804393,7
4235225357406896257,7
124192604352525028,2
6135603951787006984,7
4918343604565961998,1
1300857927157308357,7
543487079320137197,5
2627865576257103890,7
3099143094018405711,7
2810269868339451931,7
1942699614146488898,7
3270131907390492100,7
2278834702640414629,7
2343630077087514977,7
9198661079803252864,7
8589822952596476728,1
2160792566985830554,5
5706348270022773509,4
3595744253823343334,9
3610911514516213385,2
5859909356968857531,7
6671778010924851523,4
9145636665281420944,7
583776264352716524,2
4440133639493529236,4
451174828505037097,1
4763316843004838854,7
2142256006328077568,7
3411834802225522206,1
6379098862759888505,5
3563960046048201905,3
2804885924177771151,7
3222045064770842117,7
1996570915590573700,7
541388724335502690,6
5635980318929379344,5
6760773632900166277,7
4376710777730070938,6
736259253851214905,3
1119305732719747794,7
235977285918972550,7
7609462264995201076,6
7542265684035036544,7
9104734364294314035,7
6168207255580935002,1
5793413766517044764,5
5414848228059581428,6
6149980591284572521,7
4911473559740460200,4
779139990897202254,6
2769457184436931129,9
3530634940588917991,7
5697790980266222467,7
2358015676895292498,7
6548658871299290107,7
2977982861712825434,7
7386454700248885764,7
7413480676713907956,1
1141906061199389119,7
6343749541167163397,7
1603229384337155421,7
980975352798105488,2
5561940961059391659,4
6830534696031871791,5
7798214862360455665,7
3860925350285256269,7
3119610433934846931,2
5066063623575060660,7
7145201883822739652,4
2942467172399555788,6
1800368093406022340,7
1525581504784543040,7
3280364635997297785,7
7184829207265440182,5
7754591990304968327,7
8467776589225238321,2
3025266260477174577,7
2061711967168783368,1
3794027260403295753,9
3678315652553547791,1
7623327549959778582,4
1273504699587592953,4
2972624504196771862,5
6247114259839461039,3
3448464400894536281,7
3692126487620364799,7
9212823952040344165,6
7627508292132114023,2
1616805748371151171,8
3786319122138940269,2
7539402461598245858,2
2843011908635177146,7
710339554062091925,5
6057964227398605701,7
4892156446251874987,7
3870213590716810492,2
1549710080936503083,7
5620273484938516341,4
2442359513188812631,2
8370609739015492230,7
4755803295258202944,7
3228695192214490177,7
6209627941096054207,7
8840320478623209142,7
2144011721003204311,6
2361850801852453438,7
3038679495103193149,7
7842530311311314848,0
3519731901338183631,7
7640525678577643235,6
1453929514833335628,7
1252429593733830616,7
3759159543331112446,2
3587259569834876644,7
7027234335976763299,7
7984585305925673769,4
8901419489149245829,8
3205120381778876694,7
3992227031552975918,3
1463683067351018579,7
2046783658367200688,5
4278478786252786137,4
8458775252724946789,7
3785707991986734965,4
362530115596837286,7
9212273170270984614,4
5117861641124699906,7
5195273343883738729,9
8233240064265976571,4
4899211983004842968,7
4343210418687824008,5
1360163081973679562,7
2157300245367486228,7
4841087724210233071,7
8881888591537503529,4
2044649582937462138,7
8463557725041136228,7
3756217156410328655,2
7315261269722643276,7
1881615854941423137,7
8714925783178987040,2
8818751275035197760,7
7420501821884642630,6
5293428633810485303,7
1822690535730713609,2
5781241729449388709,7
5047448657246988174,7
311009957228233503,7
3228308157328829083,4
1906858031767401176,7
1338940743771137135,7
4070042969252164403,2
517595868652504269,7
399212975208825332,7
5720913815243512961,2
2409541693900549988,7
7542686762398873889,3
6861550224269411149,2
7459176380548637335,7
4679430190064486429,7
651928402429915879,3
7105321262941030948,7
7417963698451409820,7
1669459863859657411,9
8608619667442698788,7
6727996619684845676,4
5925826511050523341,7
1429435382032135482,7
910945883492558287,7
4782286513541838815,7
2534393681642029354,7
3255141426000660735,7
6947578378044740843,4
5161903302710782976,3
3767686096576224183,3
3845711598219154571,9
6511335517557334430,6
904688879701686700,7
2131441588571488296,3
7545066303022106771,1
6672549537856182911,4
1696868515738746029,4
8449121752299459069,5
132582765485671401,7
3139533897930449409,1
5748221003701896836,1
40686675891188180,2
7267002271656299112,3
5185802042104343741,7
913260014907684752,7
8858361371548282008,0
5606635532429908710,7
556881694882968712,3
9199439596891490211,7
1415383726641001606,7
6142166352444073584,7
5470135095502517298,7
5333336419792200678,7
2821913473516266354,7
2534797481805992811,5
1709338113824849511,7
2677786582394785540,7
6602324029194955589,2
5152673553568025819,6
3057983248606309659,4
7226068897417826532,7
4832987872294058354,7
2342307521250336746,1
5602876951457549445,2
6336857011836339055,7
5521062371743318724,5
3271386565028249283,9
4254269038885569979,7
3683075279076905919,7
5662089690451155281,7
3332450977076333525,7
4696029415275040988,7
5362706071310995151,7
4948443585297961505,7
5236655233320188351,7
8442719547115339491,5
4154755408765526976,2
498431760925004809,7
5536618727143617532,2
1888083593327347618,7
8992137771129028199,7
5849416924704974284,7
7747639941682933384,8
2729988459228400179,6
6206429523835827681,7
8270406426687606161,1
8924905427790712562,7
178990169657750517,7
3124509057516425556,7
966010953159780663,7
259765485292315610,5
476748351799678016,7
9148986147770507814,5
7177300964517405536,2
1928837171539955157,8
2606775368775513102,6
7794033808999184425,7
9210670503494352006,1
4822329640173208760,6
8956823955046543621,7
7721808760941135120,7
2121126674257931960,7
6267008735643993997,5
776854404702776245,7
6070108845923763967,7
7583308963539269577,4
5741616139826624448,7
8231912573258844069,3
3257134864275926913,2
8355268125712782009,7
3113388759510061566,7
7569593716486575887,1
6829108879623284066,7
6681790022761786053,3
135572103513088786,7
6502430118925367755,7
7231327910813280424,7
2141916614071797703,6
2217392752300314073,7
5146412685578682074,7
2594255574863982951,7
6722002865011353219,7
1895467626323619852,7
4504039541355517471,7
2149936939729855133,1
6110186607208195918,1
4315695931772451562,7
4928211747999260998,7
6948767080264575107,6
7909689462905310896,2
8071533171364668230,7
4337798189267781482,7
7088515566533301167,7
6049451856909018505,1
7316335179660845492,7
3152495934561460873,5
8361750556135429418,6
2348283344071153114,7
5515234367106054324,2
5422129331542676255,5
619081581322668760,7
4182891183069223681,2
2926781530730028384,3
3079224668823297001,7
3080681816539435784,7
5910349553747749803,3
5566870936014223462,4
6306694136352417516,6
1952962832315927436,6
1785064122604704944,7
6309539183030381261,5
6062496144804257911,7
1496549616765034846,7
3632717352941029003,7
4426325795831920389,6
2274485232865693124,7
8828568106475715359,7
3514369844696260893,4
8403806083031372638,5
7755826133528534554,3
5125457927083072527,7
2818764541828803628,7
7925447487379749027,6
447457014165699714,1
2381221141954080523,7
4463056647086598674,7
1297202919792072140,2
1208680297210415110,7
5464335824071664120,5
933563944709918249,7
5918192460672502244,7
1255133040130072705,7
5377247659853938059,5
3944581348282607936,5
3433584568121463783,6
882462790698383434,3
28130501816954873,7
971787958025004066,6
8366154033355816090,7
1261993283711094922,7
8591660356904138429,7
9026579283508501052,2
479900469013619733,7
7147655107098836790,8
1928452913945645250,7
2020157804733175658,4
2914495159569913387,6
7758948975839860489,7
8496261822504640442,7
4861668884393217900,3
6794693938077244854,2
2361780274090864435,6
816516367636156912,7
745347006831995390,7
8010665127495842294,4
1987864662165048909,2
3806103469940093951,7
2545420947658820814,7
5201315210823512351,1
3060142052208811458,7
3599793346333591049,2
8674150272418931724,7
4660551541405344540,4
6976986553046419872,7
8252974374045523083,7
6573073380098355367,7
2794636907235391338,7
3696764107923497143,3
2508898853765709486,3
2149438137256309574,7
2901488172687707433,2
6966219079033247014,7
3725475468734061541,7
5905922644557935993,2
6435570352794934313,4
3074446936374874034,7
4075126449612489967,5
8703633219021288824,5
1690251485560018950,2
408558974204990444,2
7341064279531853892,1
8909754242307688428,4
6409244719761959313,7
7494045789318461008,7
4557045506336694483,7
7552261622932759923,3
4442306394485556277,1
4532277810127853145,7
5745460441709445725,7
6646353462195489388,7
7677621649737492065,4
8233948778558041393,4
609151166221148023,7
3549336053706703484,7
1811992023657256902,3
164420592954229030,7
1287137016331889112,6
554498668604454128,3
5200320389360843959,9
1324832632952041582,6
3743092723121813352,7
6044382164096334979,1
4710115873878313440,1
6516638690139762664,5
8196870464561108258,7
6752904732151749583,5
7032507700583549072,6
8705752991971732315,7
4284652951663876432,3
6865058563277455129,7
5817613416731519180,7
688670508314628374,7
4209251808202267232,5
2426192418302752924,2
340111877280851026,3
1910495855102649356,4
832127250700116529,7
8645438709008645496,2
2192131281414061123,7
4286903456400509804,7
3065570038821225299,3
3671046227866481967,7
7927616233278380295,7
4359916069797809596,5
567150664145163778,7
1347901697188118495,2
1962277233864888978,2
6290034475613723530,7
7231347689111924504,3
8494695224916436072,5
6895672804384766440,7
2563786926600620213,7
3442932615228147382,7
4257276345879837812,7
2100071537582113678,5
1643591250145131094,1
6231164481274934822,7
1219238991634690655,5
8896752016800760078,3
7676172884174489980,7
3006465023557997045,7
3026803589702724967,4
8586048433527878521,7
365443611004862318,1
1710373355123769187,4
3352329491974433254,6
6024665571166177035,9
3377876948215270062,5
112969379245005134,7
1253072498709036323,7
6858634200429134994,5
5593017686387434523,1
8450252103705392228,3
4443623598671853564,3
7157207341683151630,7
4051572875454546340,7
4348441335569459023,7
5083356192485342006,1
4778166164613011865,2
2702833352894619444,9
4050711661577888349,7
3558165970124356487,4
1623410380583044007,5
4243542141923262453,7
8336247687302600612,7
3988982576495612837,7
4788822881516199895,1
7027165167051911381,7
3930536957666066490,7
3858309903636108942,7
367349254192701176,4
4309511557339851904,5
7621566716124881606,4
5142608160538779802,7
2341857556182548578,7
2829290712635744863,7
3493477110068263216,7
5440808248709156006,1
7071046877625929574,7
957497439215690921,7
11736088960937563,3
2427438659195890319,7
2444872676687732017,5
433439291299630879,7
8055415626948897979,5
1001684131607489553,7
8466105407502007593,6
9066560082178617357,2
4321701955445921119,1
724436362734029236,1
2256341838057686091,1
2184797298643309361,7
7960886387017539451,7
3014706931471577143,2
880133695008672763,7
6665711341692649018,3
3928961613822824421,7
2544687982766694486,1
2159879676202993434,7
6735305512644895796,7
6536049383656540380,7
5500940606079939555,7
5030076182920694581,1
7658695994632293309,3
1255319751528686072,7
8168632526790293341,4
5761403129983679450,4
6319669266629975891,6
7850533139309987809,7
2474385939576870715,2
6174062424014261404,7
639349784517121836,1
2220199324812619480,5
4264261491638502142,6
6412198016314415022,1
8899103207772542012,7
5008394552608184142,4
2856144245940301696,7
2457416812438485204,2
7759745903123957505,4
4832415136237720981,2
3227152549131298042,1
541051311227450794,1
2523813662063435552,4
1060944138795219523,7
3997183719277275728,1
8795853488342683924,1
7989202209451959948,7
4580987426097349508,2
2244693010723090774,7
6943386867907351672,2
6917308796282332213,7
7414188455872500151,6
3143127966836027481,7
7558280849416512415,6
5064299284950394795,7
6245047509009235083,2
6148205459589091816,7
4800040449412871401,2
7296716844766282711,0
6893872389796320827,7
3055659621096188312,2
7314774722980084613,0
4344426378872589796,6
7210933441445350148,4
6615229447543033747,7
3189098969637632500,3
413778373150599063,2
7518569621309944327,3
5448050915349423350,4
5676601930887796633,9
6429341393865753872,1
559587495322978144,1
1538435837862302979,3
6983873878149454943,7
8826025313602607101,5
2501086405723971474,7
3551351087555270941,7
5317280630067505422,5
4142349498761690725,1
7299266007830125024,3
1234545574640443916,4
1761858111695362301,2
2280837541650930057,1
6746101649337092129,7
5712078641297477811,7
2480523547861680333,1
2910108062616932991,7
4069297052122742989,4
2238166222809422692,5
9000328830825417757,6
7469143059557201973,3
6621699262307196232,7
6376992703325866434,5
757069257879717535,7
2782710328962962673,7
3762464037116380988,2
3750192352918627620,7
2848341196539624671,7
9088336767371434110,7
4703211003279365343,7
3274817860098622233,7
4984499270411765507,6
8197174430147391070,2
1038603695851752938,7
6999356728755745413,1
7755441413759868405,7
2868844730805721636,1
1604747729504693821,3
1599776352724336138,3
8712188728077030009,7
5135622623159155017,2
6698301538426682461,1
7342612377892264876,7
500988838958103313,4
2316735501707731256,7
1652110515834234019,6
9010203959180650915,7
958756886394086694,4
7809870157784565282,7
5035834082471416810,7
8598169409268605069,7
6877909924417642311,2
7014443251946683558,1
6211064712031712903,7
6807839381110370559,5
1858480028522875739,7
7340257527751883290,2
8993439372071850205,9
4208602927679383265,4
2493474741172313852,1
5677731529478139941,7
404392835589466940,7
3987284501867160165,7
7033746141614290614,5
3196488385785504230,4
259068485670084991,7
4506948511284759119,7
1708812241344425607,6
9126007050680982952,9
3072449433199089031,7
3026434988108478922,7
6201599353059048025,7
465148505343377671,4
8933511351290377514,3
4874370729253591708,7
5326737153847462367,7
183165826364426463,7
3746553636654280114,7
5707376285390612508,1
59473628711312076,7
4586525976068221040,7
4153339242307259561,2
1168607776489783652,3
2748320018755845448,4
751506567549509313,3
3015245576045368882,7
3970327248595033843,2
4893132696001237176,5
1519558580799377210,5
2390234774615900260,3
8850091400453220890,4
6934929835099084456,5
4590494969109209614,7
6518996065775406160,7
3163592546870683437,7
6915803481140335297,7
5430601173465488081,9
6570347295520174330,7
8327220386811415601,7
7289542949351105714,7
3331316702360241187,7
202053029743278553,7
3069015372122096110,7
5960389580424067302,5
3039032661420433590,1
3908059196230817288,7
5078125083836946189,7
1034509099970371693,7
8701638292628413659,7
3789993876156712904,7
2110471829136721441,7
5415543046487515917,1
3888064588033755838,3
1291491388354245122,1
2132737434775380392,6
8593704547930105505,3
1544069419344139118,7
212337556226051679,2
7288528564602284088,1
7900722565372591721,5
4404709960809107345,7
5932333886416759608,7
5132419932456932310,2
2094755761489369565,2
7596017332667873194,7
5481796093437768116,2
5831908758688458191,6
4390814850178301518,6
3665531115792664661,5
2971481988990774897,1
5557617432339879907,5
5963102921233696102,7
1630228066829686189,1
7567820452121281087,6
2145598542148292027,7
2662997385270667279,7
6112907656863952887,7
1995331090250731200,6
6189109217725397745,3
3357959344341591607,7
6035166022093431481,7
3164901946046981722,6
6247049661307028000,5
6552461986246957705,7
4678359801601444974,4
1517531896730760761,1
3149766999270136224,7
8875519511821555202,7
7051952775317300489,2
7848179214455105657,7
1133727771987255552,7
4136168336662874695,7
8773202489050072695,6
5432732767813363706,7
4344256666929760900,7
1414486237804078426,6
6210361613420819497,7
2046087493932966869,1
8338819982283754976,7
4291300734852954063,2
5238642484983485050,7
1646582155755170218,7
4883243399984519245,4
1560127743289910177,7
6010226909382424879,5
2304320447423228740,7
83400840903775552,7
4710937651892512603,4
7718526822052282170,6
7303232819421175631,7
2896270303984683265,7
3067635405666969456,7
